Section,MEd+ [kN m],smax [m],MEd- [kN m],smin [m]
C1,95.1894476905105,1.26,,
N2,,,-199.24936726374904,3.0
C2,156.5656138785605,5.32,0.0,
N3,,,-216.792778415068,7.5
C3,124.34753718969402,9.55,-39.69061216540187,9.47
N4,,,-210.3489676064278,11.5
C4,151.82940122358102,13.96,-6.190555515371783,13.74
N5,,,-236.62919293801917,16.5
C5,144.51119808717667,19.56,0.0,
N6,,,-187.95917415535865,22.65
C6,87.58080099086958,25.0,,
