Section,MEd+ [kN m],smax [m],MEd- [kN m],smin [m]
C1,30.08550520000002,2.07,,
N2,,,-36.96985454999991,5.0
C2,17.27544812500003,7.44,0.0,
