Section,VEd+ [kN],smax [m],VEd- [kN],smin [m]
N1,150.5901667217027,0,0,0
N2,286.4373472040115,3.0,-245.45725495523476,3.0
N3,272.6361389396271,7.5,-286.33405136832596,7.5
N4,266.79014493962717,11.5,-266.4976992184425,11.5
N5,246.69315060505474,16.5,-261.91474545097543,16.5
N6,208.84842150959338,22.65,-202.22151674027253,22.65
N7,0,26.65,-105.28629727705763,26.65
